label,id,tweet
O,1389451399860166671,"Dear crypto friends, We have very less time to buy the Oxygen Concentrator to save hundreds of lives in India. Plz help me, help IndiaüáÆüá≥by donating any amount on this link üôèüèª ‚§µÔ∏è  BTC -1NLk6B3mrkQPN6xrYdeFBWimsuxhG68Hch #DogecoinToTheMoon  https://t.co/r7ZLqpFbtZ"
O,1389549379007258624,Bribe for BBMP quota hospital bed booking unearthed by BJP MP Tejasvi surya and BJP MLAs. BBMP officials took money to block beds for which govt paid for treatment. All beds were booked and showed scarcity. MLAs and MP to meet CM and complaint against BBMP officials.  https://t.co/qjOgIDyDtm
O,1388827176900890631,"@imSudhakaraRao @MadhukumarVP1 @INCKarnataka ‡≤®‡≤ø‡≤Æ‡≤ó‡≥Ü Ambulance ‡≤¨‡≥á‡≤ï‡≤æ.? ‡≤∞‡≥Ü‡≤Æ‡≥ç ‡≤°‡≤ø‡≤∏‡≤ø‡≤µ‡≤ø‡≤Ü‡≤∞‡≥ç ‡≤á‡≤Ç‡≤ú‡≥Ü‡≤ï‡≥ç‡≤∑‡≤®‡≥ç ‡≤¨‡≥á‡≤ï‡≤æ.? ‡≤Ü‡≤ï‡≥ç‡≤∏‡≤ø‡≤ú‡≤®‡≥ç ‡≤¨‡≥á‡≤ï‡≤æ.?  ‡≤ï‡≤æ‡≤Ç‡≤ó‡≥ç‡≤∞‡≥Ü‡≤∏‡≥ç ‡≤ó‡≥Ü ‡≤∏‡≥á‡≤∞‡≥ç‡≤™‡≤°‡≥Ü ‡≤Ø‡≤æ‡≤ó‡≤ø... ‡≤ï‡≤æ‡≤Ç‡≤ó‡≥ç‡≤∞‡≥Ü‡≤∏‡≥ç ‡≤™‡≤∞ ‡≤™‡≥ç‡≤∞‡≤ö‡≤æ‡≤∞ ‡≤Æ‡≤æ‡≤°‡≤ø.. ‡≤ï‡≤æ‡≤Ç‡≤ó‡≥ç‡≤∞‡≥Ü‡≤∏‡≥ç ‡≤® ‡≤∏‡≤æ‡≤Æ‡≤æ‡≤ú‡≤ø‡≤ï ‡≤ú‡≤æ‡≤≤‡≤§‡≤æ‡≤£‡≤¶ ‡≤Ø‡≥ã‡≤ß‡≤∞‡≤æ‡≤ó‡≤ø...  ‡≤®‡≥Ä‡≤µ‡≥Å ‡≤Ü‡≤ó‡≤≤‡≥ç‡≤≤‚Äå ‡≤Ö‡≤Ç‡≤¶‡≥ç‡≤∞‡≥Ü, ‡≤®‡≤Æ‡≥ç ‡≤π‡≤§‡≥ç‡≤∞‡≤®‡≥Ç ‡≤Ø‡≤æ‡≤µ ambulance, injection, oxygen ‡≤á‡≤≤‡≥ç‡≤≤...  ‡≤á‡≤Ç‡≤§‡≤ø ‡≤ï‡≤æ‡≤Ç‡≤ó‡≥ç‡≤∞‡≥Ü‡≤∏‡≥ç"
O,1388755115079729157,Could you get details in this format  5. Since how many days : 2 6. SPO2 Level : *40 &amp; Dropping* 7. Is patient on oxygen cylinder? Yes / No : NO 8. Searching hospital bed since? : Now 6am 9. List of hospitals visited : 5 10. COVID-19 test done? : yes 11. COVID-19 Result : +ve
N,1388815217677635584,https://t.co/bpXoDioXu4  Apex hospital Varanasi üôèüèª Please !
N,1389524525943951362,Tocilizumab Injection. Required 2 doses very urgently for my brother in Chennai. His condition very critical &amp; now in oxygen support after 2 days of struggle. Please help. @srinivasiyc @sosiyc @IYC  https://t.co/Ee1sipEAFK
O,1388848097590005768,"@fayedsouza @tinucherian Because it‚Äôs about BJP running out of oxygen in WB, KL &amp; TN..."
O,1389281816209625088,I hope someone is auditing oxygen supply and demand in All cities especially ones with explosive growth in patients like #Bengaluru and #Chennai and planning back up options.
N,1388573434943135744,"@SonuSood @SoodFoundation Urgently require #Remdesivir for my uncle in Navi Mumbai, age- 70, who is been admitted to Niramaya Hospital, Kharghar. Any leads ? Please help @SonuSood sir üôèüèª #COVIDEmergency #Remdesivirinjection #COVID19India #CovidHelp"
O,1388518989739880451,"All we do is stand, stand in bank lines, hospital lines, NRC/CAA lines and now at Funeral lines. But the thing is our PM never stands with us. #IStandWithModi #achedin"
N,1389166095274184706,"4 : Fever,Loss of Smell, Breathless Oxygen Level with support &gt;92 5. Since how many days : 4 Days 6. SPO2 Level : With Support 92 7. Is patient on Oxygen Cylinder ? :Yes 8. Searching Hospital Bed Since ? : looking for ICU Ventilator   9. List of Hospitals Visited :"
N,1389840177439203332,@BertyThomas Trying continuously now from 4 days but still couldn't book any slot in Bengaluru.. I guess it is getting over in micro seconds or something. Also heard people are using contacts and getting these vaccinated at top private hospitals over here. This is nothing but a utter scam.
O,1389386874528010244,"@indiamusings One of the rare times I disagree. Rampant black marketing of oxygen and poor management of hospitals, Covid by the CM has diminished his status IMO."
O,1389233120751210501,@Proudly26290119 @MeghUpdates But the union health minister is also saying there is no shortage of oxygen in the country. So Kejriwal is not alone is scoring political points.
O,1388406728920748034,@Sophie_Choudry There are many who converted their luxury suv into free ambulance. Just they dont want publicity so doing it as per wish. While there are few who are doing it for publicity.
O,1390001607786471430,"INS Talwar arrives in Karnataka.  Today @NewMngPort received @IndianNavy‚Äôs INS Talwar, carrying 40 MTs of Liquid Medical Oxygen filled in cryogenic containers from Kingdom of Bahrain.  More medical supplies are scheduled  to reach us in the coming days!   @PMOIndia @CMofKarnataka  https://t.co/2Y8HzkbwFl"
O,1388405375154626563,@yemmay Which Hospital is this? I couldn't find any slot. I'm guessing you tried early in the morning.
N,1389615408840249351,BANGALORE  Patient name: Lester Dennis Lurshay Age/Gender: 36/Male Symptoms: Covid+ (difficulty in breathing) SPO2 (Oxygen%): 85 Patient in: PHC SRF number/BU ID:2952511834457 COVID result: +ve Attendant name: Geetha Attendant mobile number: +91 89041 11875 Type of Bed Ventilator
N,1389092254803927042,Any leads for ventilator bed in Bangalore? One of my colleagues urgently needs help. @DeepikaBhardwaj @Tejasvi_Surya @Comedy_Praveen @Ateendriyo @tishtriya @brakoo
O,1389499159963586561,"@ANI Twitter has banned more ""white"" people than any. Stop giving her a platform to spew lies and hate. Save your oxygen.. #KanganaRanaut"
O,1389084322448117760,@Darshan_skumar @peakbengaluru Are these services with oxygen?
O,1389491400429998080,COVID-19: SC directs Centre to prepare buffer stock of oxygen for use in emergencies | via @indiatvnews  https://t.co/6SaGtWsFve
N,1388952060243058688,@VijayImmanuel6 @SonuSood Bro no beds in Bangalore I tried with all hospital @VijayImmanuel6  tell them to contact BBMP again again only they can arrange any beds plzzzz
O,1389087639534391298,Oxygen shortage: 12 Covid patients die in Chamarajanagar district hospital in Karnataka   https://t.co/xKj73BxJdL
O,1388775707136888833,"Police book Bhopal auto-ambulance driver Javed for violating Covid rule, withdraw case after outrage  https://t.co/KDiDVrYsgB"
O,1388445559048990723,12. Prefer Govt/Pvt/Any Hospital ? : Pvt/Govt 13. Attender Mobile No : 6362270134 14. Relation to the Patient : wife 15. SRF ID :2952511734032 16. BU Number :BU-784534
O,1388543777816543232,@erjayagrawal Even if price is Rs 300 what is the problem. People with corona are paying in thousands to ambulance just to take them to hospitals. Nobody complains when a movie makes super profits then why complain for vaccine price. Today some of the vaccines for infant are over Rs.2000 also.
O,1388690104714076161,"No beds in Hospitals,No Oxygen to Breathe, No Vaccine to Inject no Wood to Cremate..  where are the Gods, Godesses  @ttd_seva #IndiaFightsCorona #COVIDEmergency #COVIDSecondWaveInIndia #CovidHelp #SOSTDP #SOSBangalore #SOSDelhi #SOSNoida"
G,1388383120190152705,@Nikhil_S If your friend has it and it‚Äôs already used and then can I bring my friend over to use it as no hospital bed is there
O,1388405586627227650,"""Put your mask first before you help others""  There is a reason why they say this.   We should help our own people before exporting Vaccine and Oxygen to others. Buddhu exported for global PR and we are left with nothing.  https://t.co/jyjIOzTa0f"
O,1388505006240722946,Ajeeb se ghadi aagayi hai Kisi ka pariwar toot rha hai To kisi ke sapne Koi bhuka mar rha hai  To koi bina oxygen keü•∫üíî
O,1389058041564200961,China assures help after Sonu Sood flags ‚Äòblocking‚Äô of oxygen concentrator imports  https://t.co/inshuCM2TF   #China #Sonusood  https://t.co/zDmh6LPG27
O,1388763324460896257,India deploys seven warships to transport large oxygen containers  https://t.co/2E8w5lWcir  via NaMo App  https://t.co/BdZwgIO0yz
N,1388789401203843074,"#Hyderabad  #SOS  URGENTLY need Plasma Donor , Donor who recovered from Covid in last 3 months  Blood Group : B+ Hospital: HEALIX Hospital Location: Madinaguda, Hyderabad Patient: Vijitha Reddy Contact: +91 9867639192 (Bharath) @CovidPlasmaIn @covid_army @CovidHyderabad   plz üôèüèª"
o,1388486395686125569,"any such statistics about 162 Oxygen plants and account of PM Care fund, and why state have to pay 400 to 600 for the vaccine when center pays only 150"
o,1388743964954546180,People are dying not because of covid but due to lack of vaccines and oxygen in India. What a terrible situation.
o,1389927787926937606,@surnell @Tejasvi_Surya Similarly I am sure please see the tally of hospital as to how much oxygen one uses against other hospitals...like for eg if 10 people use certain amount of O2 same or less should be in other hospital too .if there is too much difference it has to be checked
o,1388534457993338887,@raalferns @sagargaikwad @AjaySag42737877 @DrSubhasree Earlier this year centre had given the delegation and funds to states for creation of Oxygen plants and Medicare infra. No CM has denied this. Fact is Maharashtra alone has contributed over 30% of Corona deaths and the CM was busy doing vasooli.
n,1390168501042651136,"@SonuSood brother, my cousin urgently needs ventilator at JK hospital, Rayagada, Odisa.  He is critical can you please help.  @SoodFoundation"
o,1388389123271008256,@dhanyarajendran @geetikamantri Apparently price gouging has begun. Private hospitals are offering covaxin @1200 &amp; covishield @900
o,1389317206819827712,@brajeshlive Asal me galti logo ki hi hai aaj bhi log netao se nahi puchte hai ki hospital school colleges kyun nahi bane MP MLA se nahi puch rahe hai ki dilwao oxygen apni fortuner becho ya jaguar koi matlab nahi dilwao Black me kharido ya government se bolo par log apna ghar nahi jale  bs..
o,1389142215222464512,Request users to return your empty medical oxygen gas cyclinders. This can save many lives through refill. #empathy #OxygenCylinders #Oxygen #sdg17
o,1388438392782811136,"Visited MS Ramaiah and KIMS hospitals and discussed augmenting beds for treatment of Covid-19 patients. MS Ramaiah hosp has agreed to reserve 850 beds incl 450 oxygen &amp; ICU beds, and KIMS will reserve 133 oxygen beds for Covid-19 treatment. Together we will defeat the pandemic.  https://t.co/GFSS854fhh"
o,1389577643880706048,@VishweshwarBhat Same thing with oxygen scarcity. Hospitals are wasting oxygen just to put the blame on state and central leadership. Need an inquiry on this too.
o,1389948417695043593,"@Tejasvi_Surya we are all born as humans. Stop creating riots in the middle of pandemic. You have a great responsibility to do now which is arranging beds, oxygen and help out fellow humans. Please do that instead of playing a blame game."
n,1389087722577424391,@Priyanayak1292 @SonuSood @SoodFoundation Already called every hospital in the list. No ICUs are available.
n,1388500534265450498,"PLASMA NEEDED!  PATIENT NAME: RAVIRAJ KINI  HOSPITAL: KS HEGDE, DERALAKATTE, MANGALORE  Blood Group : A +  Contact Details: 9482842669 or 9535817646"
o,1388436162423902215,@MooochhMan @DammnGirll Oxygen cylinder agra???
o,1389637693303263232,"@Tejasvi_Surya Gr8 sir, similarly please do monitor distribution of oxygen and ventilators supplied by friendly nations. Thanks you will be remembered for long time, you are saving life that is supreme."
o,1388791678996152322,"It hurts to see that its INC which people reach out for oxygen or other help during pandemic, its INC which puts the pressure on Modi for national issues but people still don‚Äôt vote for it. Not even one win. Democracy is a weird thing."
o,1389864132996833295,"@mla_sudhakar Sir,  This thinks we know about last year. Can u please update on Oxygen, ventilator, bed, central trains for bed."
n,1389629749463379969,"@BBMPCOMM @AshwiniMS_TNIE @prajwalmanipal , please help for bed allocation, registered with BBMP no success still, tried @ pvt hospitals still no success, please help  https://t.co/gWUDQldzRd"
o,1389175467052130304,@Tejasvi_Surya  - Can you or anyone from NDA government share similar update on:   ICU / Oxygen Beds : List of hospitals available Pan India ?   Oxygen Cylinders : vendors info ?  Remdesivir : State wise availability ?  Results show not @BJP4India but Covid-19 is growing all over
n,1388540112577855493,#Patna #Patnacovid #BiharFightsCorona  Need urgently ICU Oxygen bed for a patient  NAme: Sheshadri Shekhar Age:30 Oxygen level &lt;85  Please amplify &amp; help!
o,1389860600331706375,"indians standing in lines: demonetisation 2016 food packets 2020 crematoriums 2021 oxygen cylinders 2021 covid beds 2021 covid vaccinations, without vaccines 2021  and always, line mei sabse last."
o,1388763404425261059,IAF ferried 47 oxygen containers with a total 830 MT capacity from abroad  https://t.co/IZ6plloO2n  via NaMo App  https://t.co/XnSguRWoSc
n,1389559421273927683,"@krishnabgowda @DHFWKA Patient Mrs. Ravina  K/ Age-50yrs. Covid positive date - 27th April/ O2 level now- 86, Pulse 95/ Has fever, low oxygen and dropping pulse/ Area -HBR layout,Blr 560043 Looking for a hospital bed with oxygen, and ICU facility:Mob 9902867369 BU number:708587&amp;755867üôè"
o,1388755721898971139,Devotees neither received Maya nor Rama.  Neither got power in Bengal nor oxygen.  #ElectionResultsFace with tears of joyFace with tears of joyRolling on the floor laughingRolling on the floor laughing    https ://  https://t.co/Fey32hcbIX
o,1389758383901712390,Daily jabs continue to decline as private hospitals remain short of vaccines  https://t.co/4sebjTvM64 via @timesofindia
o,1388719153016578051,Why this? Are others getting it? Don‚Äôt they have enough vaccines? Which hospital is this? @mla_sudhakar @KarnatakaVarthe @DHFWKA could u pl look into this. Second dose is absolutely imp.
o,1389418388062031876,"@AshwiniMS_TNIE  @ajavgal  @samyuktahornad @jananivathsala Oxygen level:60 ‡≤á‡≤§‡≥ç‡≤§‡≥Å ‡≤®‡≥Ü‡≤®‡≥ç‡≤®‡≥Ü‡≤Ø‡≤ø‡≤Ç‡≤¶ ‡≤§‡≥Å‡≤Ç‡≤¨‡≤æ ‡≤™‡≥ç‡≤∞‡≤Ø‡≤§‡≥ç‡≤® ‡≤Æ‡≤æ‡≤°‡≤ø‡≤¶‡≥ç‡≤¶‡≥Ä‡≤µ‡≤ø,ICU‡≤¨‡≥Ü‡≤°‡≥ç ‡≤∏‡≤ø‡≤ï‡≥ç‡≤ï‡≤ø‡≤≤‡≥ç‡≤≤. ‡≤∞‡≥ã‡≤ó‡≤ø‡≤Ø‚Äå ‡≤Ü‡≤∞‡≥ã‡≤ó‡≥ç‡≤Ø ‡≤Æ‡≤§‡≥ç‡≤§‡≤∑‡≥ç‡≤ü‡≥Å ‡≤π‡≤¶‡≤ó‡≥Ü‡≤ü‡≥ç‡≤ü‡≤ø‡≤¶‡≥Ü. 1912-1‡≤∏‡≤π‡≤æ‡≤Ø‡≤µ‡≤æ‡≤£‡≤ø‡≤ó‡≥Ü ‡≤ï‡≤∞‡≥Ü ‡≤Æ‡≤æ‡≤°‡≤ø ‡≤Æ‡≤æ‡≤π‡≤ø‡≤§‡≤ø ‡≤ï‡≥ä‡≤ü‡≥ç‡≤ü‡≤ø‡≤¶‡≥ç‡≤¶‡≥á‡≤®‡≥Ü, ‡≤Ø‡≤æ‡≤µ‡≥Å‡≤¶‡≥á ‡≤â‡≤™‡≤ï‡≤æ‡≤∞ ‡≤Ü‡≤ó‡≤ø‡≤≤‡≥ç‡≤≤. ‡≤¶‡≤Ø‡≤Æ‡≤æ‡≤°‡≤ø ‡≤∏‡≤π‡≤æ‡≤Ø‡≤Æ‡≤æ‡≤°‡≤ø üôè  https://t.co/jqm2fEXhWG"
o,1390040925003341825,"Covaxin is not available in all the Govt Hospitals in Karnataka, people are panicking for 2nd Dose @CMofKarnataka @PMOIndia @mla_sudhakar @blsanthosh @drharshvardhan @RAshokaBJP @narendramodi @drashwathcn @Tejasvi_Surya @CTRavi_BJP #vaccination #BharatBiotech"
o,1389961331256725511,The Deputy Commissioner of Mysuru Rohini Sindhuri has clarified that she neither rationed nor controlled #oxygen supplies to Chamarajanagar. #OxygenShortage #OxygenEmergency #COVID19 #CoronaSecondWave   https://t.co/DE3JfegyBl
o,1389236530066169856,"@AJAYAWASTHI108 @GarimaHirwani @ArvindKejriwal @TajinderBagga @CMODelhi ‡§¶‡§ø‡§≤‡•ç‡§≤‡•Ä ‡§Æ‡•á‡§Ç ‡§™‡§∞‡§ø‡§µ‡§æ‡§∞ ‡§Æ‡•á‡§Ç ‡§¶‡•ã ‡§≤‡•ã‡§ó‡•ã ‡§ï‡•Ä ‡§¨‡•á‡§° ‡§®‡§æ ‡§Æ‡§ø‡§≤‡§®‡•á ‡§∏‡•á ‡§Æ‡•å‡§§ ‡§π‡•ã‡§ó‡§à, ‡§§‡•Ä‡§∏‡§∞‡§æ ‡§ï‡•ã‡§µ‡§ø‡§° ‡§Æ‡§∞‡•Ä‡§ú hospital ‡§Æ‡•á‡§Ç ‡§¨‡•á‡§° ‡§ï‡•á ‡§≤‡§ø‡§è ‡§∏‡§Ç‡§ò‡§∞‡•ç‡§∑ ‡§ï‡§∞ ‡§∞‡§π‡§æ ‡§π‡•à ! ‡§ë‡§ï‡•ç‡§∏‡•Ä‡§ú‡§® ‡§≤‡•á‡§µ‡§≤ ‡§ï‡§Æ ‡§π‡•ã ‡§∞‡§π‡§æ ‡§π‡•à !   *‡§Æ‡§∞‡•Ä‡§ú ‡§ï‡§æ ‡§®‡§æ‡§Æ* Tanvi Rastogi  *‡§â‡§Æ‡•ç‡§∞*   27 üìû‡§Æ‡•ã‡§¨‡§æ‡§á‡§≤ ‡§®‡§Ç‡§¨‡§∞ 9899782833 @RubikaLiyaquat ji pls help  @drsangitareddy @chitraaum"
o,1389119791915442176,So apparently a player went to a Hospital for scans  and Varun and Sandeep have tested #COVID19 Positive. Sheer Negligence by KKR management to allow these two players back inside the bio bubble. BCCI should impose a heavy fine on them. #ipl2021¬†#KKRvsRCB
o,1390023512509673472,"@utkarshtalks @saichopparapu I got vaccinated at the same hospital on Tuesday at 9 am. By 7 pm I was feeling fatigue, by 10 pm had fever, headache and body ache. Carried over to the next day but completely fine but Wednesday late night"
n,1388758615511601155,"12. Covid Test Done?: Yes  13. Covid Result: Negative 14. Prefer../Any Hospital?: Apollo greams Road or any facility with ventilator 15. Type of bed required  : With ventilator 16. Attendee Mobile: 9840923609, 9500090754 17. Relation:  Wife 18. CT Score : 16 19: No comorbidities"
o,1389211045219115008,@siddaramaiah Leave the resigning part aside... First help those in need... Those people resigning now won't provide oxygen to the needy... What r u guys doing other than blaming the govt in twitter??  Be helpful or keep quite... dont do politics at this time atleast!!
o,1389288714774323200,Thank you for your help everyone! He got bed in one of the private hospital at ashram road.
o,1388342763016515584,Don't pay extra money for  Hospital beds Injection ICU   Inform if they are doing so to government officials @KTRTRS @RaoKavitha @AskAnshul @cricketaakash @harbhajan_singh @thebharatarmy @TheOnlyBrahma @murthyscribe #CovidIndia
o,1389190947590656004,"India continues to make news worldwide - of course for mostly wrong, terrible reasons..  üëâCourt threatens federal government over oxygen failure  https://t.co/P8Qj264bln"
o,1389885837253373952,@accountant_28 @ANI Well they did by not supplying the amount of Oxygen court asked them to supply after a mutual agreement. I believe the bedrock of democracy is rule of law which means we need independent judiciary. Once judiciary becomes independent of political winds we won‚Äôt see such deaths.
o,1389434344645664769,@skjsni @IndiaToday Lakhs of Indians infected and thousands dying of Covid and no oxygen in sight and all the BJP chief thinks of is how to teach a lesson to Mamata Banerjee. Shame! Nation will remember the neglect of people.
n,1389139032815271938,"@SonuSood Sir , could you please look into the below issue. Hi All, Ventilator is required urgently for an elderly woman 75+ age in Shrinivas hospital,Hazaribagh Jharkhand.Her oxygen level is 61 right now. And ventilator is required as soon as possible It is very URGENT. PLEASE HELP"
o,1389850132343005185,@PrachiPagaria @srinivasiyc @yuvahallabol @anuradhaxyz This hospital is not in Delhi. It‚Äôs in Pune
o,1389604751495471112,Good evening @narendramodi @nsitharaman @PiyushGoyal @PMOIndia @FinMinIndia  How about using your powers to exempt ALL items that would be imported by charity organizations until the country has sufficient stocks of all the items that can aid the recovery of Indians in hospital.  https://t.co/tW506hZYH1
o,1389233157522616325,#Ambulance #Bangalore #Mysuru #shivamogga #Tumakuru
o,1388750789615575044,Be a super hero wear your mask. Masking is easy and cheaper than a ventilator. üò∑ü§£üòÇ #MaskUpIndia #MaskUp #MaskUpSaveLives #BreakTheChain #CoronaSecondWave #CDC #IPL #COVID #vaccination #LetsVaccinate #VaccineFor18Plus #vaccine  https://t.co/H7rPyW3eVl
o,1388507057918152707,Can‚Äôt wait for times when all political  VIPs head to hospitals governed by them.... #Government-hospital
o,1389473856163745795,‡≤Ü‡≤ï‡≥ç‡≤∏‡≤ø‡≤ú‡≤®‡≥ç‚Äã ‡≤∏‡≤ø‡≤ó‡≤¶‡≥Ü ‡≤¨‡≥Ü‡≤≥‡≤ó‡≤æ‡≤µ‡≤ø‡≤Ø‡≤≤‡≥ç‡≤≤‡≤ø ‡≤Æ‡≥Ç‡≤µ‡≤∞‡≥Å ‡≤∏‡≤æ‡≤µ‡≥Å; ‡≤Ü‡≥ç‡≤Ø‡≤Ç‡≤¨‡≥Å‡≤≤‡≥Ü‡≤®‡≥ç‡≤∏‡≥ç‚Äã‡≤®‡≤≤‡≥ç‡≤≤‡≤ø ‡≤í‡≤¶‡≥ç‡≤¶‡≤æ‡≤°‡≤ø ‡≤™‡≥ç‡≤∞‡≤æ‡≤£‡≤¨‡≤ø‡≤ü‡≥ç‡≤ü‡≤∞‡≥Ç ‡≤ï‡≥á‡≤≥‡≥Å‡≤µ‡≤µ‡≤∞‡≤ø‡≤≤‡≥ç‡≤≤  #Oxygen #Ambulance #Belagavi   https://t.co/76FQBoQI1J
o,1388703132612390919,Just learnt from its SVP that @kghospital #Coimbatore has a critical oxygen shortage and needs 4K liters everyday.  Can you please help @india_oxygen @MotwaniSuhas @A10Rahul? Thank you.  #missionoxygen
O,1389884510435565571,"#SupremeCourtofIndia Declare National Emergency,,Modi incapable Govt unable to handle covid crisis...people are dying without oxygen."
O,1388347353325662211,"@BLRrocKS @kokolorixx @isha_pant Sir, I don't know if you have seen the fb video, apparently CT scan in Sanjay Gandhi hospital is free and takes no waiting time like Pvt hospitals which are charging 5 to 6k, here it costs just 120/150 rs."
O,1389586627740143626,Panic and fear all around. Fear feeding fear. No oxygen. Deadly mutant virus. Vaccine kills. Take Remedesvir. No take steroid. No do this. Do that. Information without context or insight paralyses people.
O,1388478090993561602,"@maryashakil I request all citizens of India to not vote for BJP ...center increased oxygen quota after court stepped in, every second is important in respiratory distress and Narendra modi is playing dirty politics and literally killing citizens by not providing adequate oxygen despite(1/n)"
o,1389182475566411779,"‡≤ö‡≤æ‡≤Æ‡≤∞‡≤æ‡≤ú‡≤®‡≤ó‡≤∞‡≤¶‡≤≤‡≥ç‡≤≤‡≤ø ‡≤∏‡≤§‡≥ç‡≤§‡≤¶‡≥ç‡≤¶‡≥Å 24 ‡≤Ö‡≤≤‡≥ç‡≤≤, 34 ‡≤Æ‡≤Ç‡≤¶‡≤ø! ‡≤Ö‡≤ß‡≤ø‡≤ï‡≤æ‡≤∞‡≤ø‡≤ó‡≤≥‡≥Å ‡≤Æ‡≤æ‡≤π‡≤ø‡≤§‡≤ø ‡≤Æ‡≥Å‡≤ö‡≥ç‡≤ö‡≤ø‡≤ü‡≥ç‡≤ü‡≤ø‡≤¶‡≥ç‡≤¶‡≤æ‡≤∞‡≥Ü... #oxygen #chamarajanagara #covid #hospital #puttarangashetty  https://t.co/waEE3X7VVE"
O,1389903658213679107,"@IndiaToday @AnkiitKoomar @Tejasvi_Surya , diverting chamrajnagar tragedy and other murder by govt to a communal politics isn‚Äôt the solution. You &amp; your govt are equally responsible for every death due to shortage of Oxygen or Medicine anywhere in Karnataka #DiaperSuryaExposed"
O,1389802473989152770,The central government has revised the covid testing rules to reduce pressure on diagnostic labs. Healthy inter-state travellers and Covid patients being discharged from hospitals after recovery must not be tested. #CovidIndia #Karnataka #karnatakalockdown #interstatetravel
N,1388893709463212034,Urgently need Oxygen concentrator. Or oxygen cylinder. Pls help üôè @BJP4Delhi @TajinderBagga @ArvindKejriwal #Oxygen #CovidHelp #SOSDelhi #OxygenConcentrator @DelhiPolice
O,1388382926291619842,@Tushar_KN Body builders though considered to be fit and healthy otherwise could be at risk of Covid.Must be their Oxygen requirement being more to support their build up must be the reason.Whereas yoga emphasizes on surviving with minimal breathe.
O,1389272808102916100,"Log oxygen, bed ke liye tadap rahe hain. Saheb apne liye mahal banwa rahein hain."
N,1389841403614666752,"Need oxygen concentrator. Bangalore. Person needs it for his dad, lost his mom to Covid earlier."
O,1388724342758903811,"@tshahab05 No, doubt . It's very sad the @NitishKumar  Bihar Govt, Delhi Govt and Govt of India are equally responsible for his death . Chhota Rajan gets bed with oxygen in AIIMS and an ex MP didn't. What the hell these Govt are doing ? These Hinduvadi Sangathan and Govt have nexus against"
O,1389334225585725440,"@UnkownYash @INCBANSAL Don't worry, they will not continue  https://t.co/rvB0FRNAMd is BJP propaganda. They just lost so they need to divert attention. Hundreds are dying in Delhi due to non availability of oxygen. BJP doesn't even care."
O,1389774171106729985,@BlrCityPolice dear sir. Have an immediate family member who is in her 3 mnt of pregnancy. We are not able to go to hospital here in blr as all hospitals are covid center. Can I take my own vehicle and drop her to her hometown so her hospital consutn is taken care of. Pls guide
N,1389228640458600449,@Tejasvi_Surya Can you or your team arrange one oxygen cylinder and regulator?
O,1389456995695042561,"@IndiaToday We, the people of India do not need nation wide dharna, instead we we need nation wide Covid help, oxygen, ambulances, make shift ICU beds, nurses, doctors, crematoriums and finally sympathetic government which cares for the people. Jadda saab have a heart, forget your dharna."
O,1389445379410644992,"We will push people into the vicious cycle of death. Unable to repay they commit suicides. Who will take the responsibility?  Drafting medical students to duty, Setting up oxygen plants, making medicines or aggressive vaccination does not need a lock-down.  (8/n)"
O,1389891333347700740,@avakava @_sabanaqvi His initiative towards humans dying in Covid is nothing to be happy about.  Its a sorry state of affairs in UP right now.  Shortages of oxygen shortages of beds.  Next election he will get to know the outcome of this covid mismanagement.
O,1389130314572656640,@vikasbha Fraud news. Delhi hospital occupied my UP..
O,1389235424929878018,@samyuktahornad @BSYBJP @DHFWKA @BBMPCOMM @MoHFW_INDIA But they are not asking for refueling of oxygen why? Why shifting to other hospital? I could agree if they written refuel it or shift patients.
O,1389840222117142535,Oxygen: Supreme Court To Hear Today Centre's Plea On Delhi Court Order
O,1389928558965923840,Bed booking Mafia in hospitals being exposed by Bangalore South MP Tejasvi Surya. It is shocking!!! üò°  https://t.co/XynKNrxE8a
O,1388356309083332625,PLEASE REGISTER ON THE CoWIN APP for your vaccination slot.   TAKE AN APPOINTMENT FOR vaccination prior to visiting the hospital. We will be able to vaccinate you as per the appointment slot and as per applicable Govt‚Äôs regulations. #COVID19India #COVID19Vaccination  https://t.co/46MgIkYaNs
N,1389904849991524356,"Ventilator bed needed urgently 1. Patient Name : Praveen Kumar Soni
2. Age : 32 Fever,Breathing,Low Oxygen 6. SPO2 Level : 45 
7. Is patient on Oxygen Cylinder ? : Yes
. SRF ID : 2952511127182
14. BU Number : 651980 +918123130401 @Tejasvi_Surya @BBMPCOMM"
G,1389170114411388929,@vikyaditya @mla_sudhakar 8660856709 mercy mission  933045 3857 these people are helping with ventilator oxy etc.  What'sapp them if thye don't pick calls
G,1389781552502951936,"@KhushiSinghCho4 @rapidcovidtext Joshi Nursing home - Chamrajpet has ICU with oxygen beds if saturation level is 80 or more, without oxygen support. CT score should be 15. Above they they cant take as they dont have ventilator. Mobile - 9008260106 #Bengaluru *VERIFIED*"
G,1388608049703571459,#Oxygen can #Lucknow  - 091708 18858  Price Rs.2200 for 8-10 ktrs Can
O,1389794369532665862,Bangalore Medical College : Rank 10 -12 Victoria Hospital Bangalore Karnataka India.  https://t.co/OC1dJgF2pZ
O,1389657033155092486,@Tejasvi_Surya 2nd May 9 PM we had the same situation. Not sure if you were ignorant of the data.   All politicians should spend 12 hours at Victoria hospital to know the ground reality.  https://t.co/8Vxp4Et8jD
O,1389179538773471236,"@HinduismReal @HybridMafia99 @KanganaTeam how many came after 2014? just building hospitals wont help you, you need doctors, nurses, para-medicals. Things have speeded up after 2014. Temple building esp. Ram temple is very important to reclaim a part of our history."
N,1390064543930327040,In urgent need of ICU bed in Bangalore for patient with neuro disorder. Antigen is negative but XRay suspects covid. Immediate help is highly appreciated. BBMP not entertaining without RT-PCR report. @WeAreBangalore @DHFWKA @sonalasthana
O,1389221311595966473,"A hospital in B'luru is running out of oxygen. After an SOS, the Deputy Chief Minister tweets that supply will be provided. Volunteers have also reached other to others including KPCC President DK Shivakumar. So far only 15 small cylinders have come, that too from volunteers."
G,1388356113532260352,HOME OXYGEN CONCENTRATOR AVAILABLE IN BENGALURU. Contact details üëáüèº  #HomeOxygenConcentrator #Bengaluru #Bangalore #Covid192021  https://t.co/pGXz7jFsTp
O,1389116376338472961,@raag185 @rahulgrover88 @narendramodi vaccine hesitancy is fig leaf of an excuse? was it? There was concerted effort to discredit the vaccine till feb 21 by media &amp; political leaders. Which astrologer told you that the second wave will be terrible and oxygen will be required?
N,1388922767312003076,@104_GoTN   1. Name: Kasthuri S 2. Age/Gender: 64F 3. Phone No:9994757677 4. Area/District:Tiruvanmayur Chennai 5. RT-PCR : NA 6. Name of the Hospital:NA 7. Current requirement (Beds-Normal/Oxygen/Ventilator): Bed with O2 8. SpO‚ÇÇ reading:65-71 9. Chest CT Score:13/25 #BedsForTN
O,1388453743625076737,Varun Dhawan Partners With An Initiative To Procure And Donate Oxygen Concentrators   https://t.co/fdBvMkJpr8 #varundhawan #akshaykumar #sunielshetty #aparshaktikhurana
O,1389078298685100037,@hippierani @yadunandan171 @BengaluruSOS @WeAreBangalore Yes 3 hours back....can you check it out now please? Call the hospital....
N,1388945318113333254,@SonuSood SOS my brother is in critical condition and urgently need ICU bed in Delhi . His SPO2 level is less than 70  without oxygen. We tried the whole day but could not get oxygen. His lungs are severely damaged. Please help 9873013703
O,1389138309998280706,@blsanthosh @BJP4India 24 Patients Die In Karnataka Hospital Allegedly Due To Oxygen Shortage  https://t.co/V8KR6iimvg
O,1389160323987361796,@Geosundar07 @Sriganesh012 @skpkaruna Antha amma CK hospital owner.. Athu epdinu STD paththave therium.. Then ippo new face fr BJP now WIN.. +- paaru results therium..
O,1388490984577671175,@tw_100rav @miss_tvis @TimesNow @AamAadmiParty Precise reason why funds were allotted in Dec 2020 to build 8 oxygen plant. Out of which only one was built
G,1389132001815322624,"Telangana - Legend Hospital - Beds Availability ( Normal &amp; Oxygen ) Called &amp; verified at 1:44pm DM if need details.  ( COVID REPORT MANDATORY mentioning condition - stable / not stable , age , SpO2 levels )  https://t.co/7QfPNHvoJ7"
G,1388739310157893634,"Thanks to IntroBot - the AI Community Manager | Getting #CovidIndia  resources like Bed, Oxygen, Vaccine is now possible over @WhatsApp. Just join and search for ""Oxygen Cylinders in Bangalore"" #FightAgainstCOVID19   https://t.co/fLKxEpQYmv"
O,1389193199340515331,@timesofindia Next the DL govt will say.... train se utarva ke hospital tak le jane ka kaam bhi center ka hi hai.. and will file another case for this in HC and SC
G,1388545366388199425,"@TheKoalaKoya KC General Malleswaram has 200 Covid beds and 100 ICU ventilators available if anyone needs. Contact - 080-23344022 This might help, please try."
O,1389616825500016642,"@BBMPCOMM @Randeep_Dev Sir learn from @mybmc ..they have brought down cases to 2k as of today, while BBMP is involved in corruption where fake bookings are made to block ICU beds, oxygen hoardings.. there will more lives lost... please control corruption mafia"
O,1389129278055272449,"CBI KNOWS WHO KILLED SUSHANT  #BREAKING NEWS  #Khelahobe   #khelahogaya   #RajeevMasand‚Äôs condition critical, on ventilator after corona infectionGradually, his health deteriorated and the oxygen level went down.    @RTQUEEEEN679 @mamta_kale @IStandWithSSR @itsshilpasamai  https://t.co/YzIc08J6fv"
G,1389878664087568384,"One eg: ‚ÄúHello everyone, Any one affected from covid-19 needs emergency *  Bed  * ICU bed  can inform me I am currently working with Yuva Raksha from MP TEJASVI SURYA office as volunteer. NISHANTH M V CONTACT NO: 7022716799, 8073014218‚Äù"
O,1389517184393752578,"@Tejasvi_Surya Situation out of Control, so many people asking for ICU BEDS, Oxygen etc. BJP karyakarthas become helpless.üôè"
O,1389928422856482820,The second dose vaccination slot for 45+ is available in lot of places across Bangalore. Almost all pvt hospital slots are booked but many open in PHCs.
O,1388359969104285702,How insensitive the administration must be to tell COVID patients asking for oxygen to sit under a peepal tree! State of affairs in UP.  https://t.co/lvFZYmjFZE #CovidIndia
O,1388533334624464899,"How many BJP ministers have gotten treated at @moayush hospitals for Covid , so far ? Can you please share the numbers?"
,1389134159369572356,@ManuKaushik01 @ArvindKejriwal @msisodia @raghav_chadha @srinivasiyc @CharuPragya @AamAadmiParty Sir @GautamGambhir  Please see if you can help this hospital in anyway. A lot of lives at the stake here. üôèüôè
O,1388718665986580485,Are Oxygen plants not essential in the courts ?
N,1389133671198695426,12. Prefer Govt/Pvt/Any Hospital ? : Any  13. Attender Mobile No : 9341636130 14. Relation to the Patient : husband 15. SRF ID : 2952511345179 16. BU number : 694580
O,1388716601424236544,@NZinIndia @smitadeshmukh Why do you need Oxygen cylinders? Have you approached @GOI ?
,1388903727508037632,@NandyAsmita @AakashHSSH There's also a Jeevan Anmol Hospital in Mayur Vihar appeal  https://t.co/G1p43HbPMH
O,1388441723785732101,@ril_foundation @Suhelseth @RahulGandhi you need to atleast thank them now... twitting does not generate oxygen for life saving ... actual work on ground does... industrialist are doing it selflessly for the country irrespective of your constant unwarranted targeting
O,1389116620438654976,COVID-19 surge: 22 deaths in Chamarajanagar triggers anxiety of oxygen shortage   https://t.co/SxxeyAY8jn
N,1389230072280719361,@Ramani0808 A freind needs a Oxygen bed in vizag now. Above leads are not picking or reapinding. Anyone knows anything?
O,1389988444798029825,"Vaccinations process in all hospital center s should immediately stopped, ward wise door to door vaccination through medical van procedure is a good solution, cloud of people is very dangerous in Covid19, un satisfaction with govt arrangements will also down..."
O,1388694848287346688,"@PratapReddyC @SPBelagavi Everyone across India is doing their best to ensure Oxygen reaches hospitals as fast as possible But in Belgaum, Police is Blocking all roads and not even allowing Vehicles carrying Oxygen.  Baracads should be opened for Ambulance &amp; Oxygen transport Vehicle's at least."
O,1389422676377169920,"Bengaluru hospital runs out of medical oxygen, two patients die #Bangalore #Bengaluru #OxygenEmergency   https://t.co/Vbin1KJ5Om"
O,1389542253304090626,"When I wrote this book in 2019, I didn't realise what 2020/2021 had in store for the whole world.   This story helped me explain #death to my child, helped him picture a damned ventilator..buy it if you can or read it for free on StoryWeaver. #kidlit    https://t.co/dgBJu6FbO0"
O,1388780785692409859,@bkpandeyg Chal chal jab rally huyi us waqt sefety and security kaha gayiin thi. Bolo agar bhakton ki jalrahi hii toh barf ki silli bhijwadeta hoon unko. Oxygen se aag lag jaayegiüòÄüòÄüòÄpichwaade mei.
O,1389597021200285698,"@velumania In these times, 1500-3000 rs will count as incentives?  Can they assure them that in addition to that they will be entitled for guarnteed oxygen and hospital beds?  Or that is the perk reserved only for our Sewaks and Chowkidaars?"
,1389418666530263040,@gowthamgaddam @Praveen__KP @Iloveindia_007 @JaiTDP @VK84015570 We can check with Hospital once!
,1389482389663932416,#OxygenShortage | ‡≤ï‡≤∞‡≥ç‡≤®‡≤æ‡≤ü‡≤ï‡≤¶‡≤≤‡≥ç‡≤≤‡≤ø ‡≤Ö‡≤Æ‡≥Ç‡≤≤‡≥ç‡≤Ø ‡≤Ü‡≤ï‡≥ç‡≤∏‡≤ø‡≤ú‡≤®‡≥ç‚Äã‡≤ó‡≤æ‡≤ó‡≤ø ‡≤π‡≤æ‡≤π‡≤æ‡≤ï‡≤æ‡≤∞.. ‡≤ú‡≥Ä‡≤µ‡≤µ‡≤æ‡≤Ø‡≥Å ‡≤á‡≤≤‡≥ç‡≤≤‡≤¶‡≥Ü ‡≤â‡≤∏‡≤ø‡≤∞‡≥Å ‡≤ö‡≥Ü‡≤≤‡≥ç‡≤≤‡≥Å‡≤§‡≥ç‡≤§‡≤ø‡≤∞‡≥Å‡≤µ ‡≤∏‡≥ã‡≤Ç‡≤ï‡≤ø‡≤§‡≤∞‡≥Å  #Coronavirus #Covid19 #Death #Oxygen   https://t.co/YjQYuhQJ1S
N,1389991125902004225,"Please help... Any leads for ventilator bed in Haldwani, Uttarakhand It's very urgent  @Keshu__10 @HaramiParindey @Trendulkar @vineetkumar_s @theprayagtiwari"
O,1389245562403258371,"@atti_cus @mpk_prabha @srinivasiyc In the video the NZ PM is also acknowledging the err in reaching out to other channels rather than official channels and hence they removed the tweet as well. Are you guys, sane? And show us the tweet where MEA has said there were no requirement of oxygen cylinder at NZ embassy?"
O,1388439746985136128,Atleast someone is there to make them accountable. #HighCourt  #Oxygen
O,1388460296155455489,One picture = thousand words #aap #delhi #covid #oxyg #oxygen  https://t.co/BALVn5iQjU
O,1389481955276828675,@BBMPCOMM Why bbmp is asking private hospital not to give vaccine to below 45 years even if they are ready to? What's the politics here? @BBMPCOMM
N,1388559712191324161,@104_GoTN  (1/2) **Details Needed** 1. Name: TO BE KNOWN 2. Age/Gender: 55 3. Phone No: 9344754234 4. Area/District: MANDAVELI / Chennai 5. RT-PCR (Positive/Negative):  6. Name of the Hospital (If admitted): 01 May morning (x) 7. Current requirement : OXYGEN #BedsforTN
N,1389170880534564865,@Tejasvi_Surya sir I am trying to get a bed allocated at Columbia hospital and the hospital people are playing with us big time.
O,1389623807975903232,India need oxygen #indianeedoxygen  Third consecutive donations for oxygen supply . #COVIDEmergencyIndia¬† #COVID19India  https://t.co/ogCV28Xreh
O,1389166085052592133,"@worldofsanjeev Right now, no oxygen cylinder is being delivered without a valid prescription because of the huge demand. And Gauti was also distributing FabiFlu against a prescription"
N,1388872210979381248,@krishnabgowda bed with oxygen required in Baptist hospital . patient from Hosahalli. 9986994099 Kumar. Please help @mla_sudhakar
O,1388734728963084294,"@karavallihuduga @Yardbirdie Hey Gautham, patients can be admitted to hospitals and treatment can commence irrespective of the RT-PCR being negative. Please call 1912 and explain this is a SARI case and that the patient needs to be admitted and a BU Number needs to be generated.   https://t.co/Z1fP1LEJ1C"
,1389123735525990401,"22 ‡≤ó‡≤Ç‡≤ü‡≥Ü‡≤ó‡≤≥‡≤≤‡≥ç‡≤≤‡≤ø 24 ‡≤∏‡≤æ‡≤µ‡≥Å, ‡≤ö‡≤æ‡≤Æ‡≤∞‡≤æ‡≤ú‡≤®‡≤ó‡≤∞‡≤¶‡≤≤‡≥ç‡≤≤‡≤ø ‡≤Æ‡≤æ‡≤∞‡≤£‡≤π‡≥ã‡≤Æ..!  https://t.co/oz5tzaCS2E  #Chamarajanagara  #Tragedy #Oxygen #24Dead"
O,1390178831525322754,"@DVC2095 @priyankac19 @Bhawna18 It has hit us twice. We got enough time to prep but still Govts across did nothing. Same set of problems..bed availability, Oxygen cylinders, ICUs, Lack of medicines...No vaccination! How do we win?"
O,1388663656225796098,"@narendramodi we need a lockdown to improve the supply chain of oxygen, reduce caseload, give time to build makeshift hospitals, import medical equipments for more ICU beds. Why are you not listening? Bravado? Ego? Hubris? You are our leader please be better than this.#covid19"
O,1388322933559287808,@Rjtravel123 @prakashraaj @narendramodi The picture shows reality.  What the govt has prioritized : Central Vista as essential services   And what our real priority is : oxygen  .. .. Very powerful picture showing truth.
,1390001212271906819,@Parth__7 @athrvakhrbde Would this be a hospital? Or only ambulance service? Or we can get Ventilator from them?
O,1389421906873393152,"Yet, hospitals and families continue to make desperate appeals for oxygen on social media, while the status of the emergency supplies remains unclear....  https://t.co/B0VAICQac0 via @scroll_in"
O,1389409540450394114,"@ShamikaRavi @kiranshaw @ICMRDELHI @MoHFW_INDIA Also, Vaccination (especially by private hospitals for 18-44yr olds) NEEDS to be done in Open Grounds with Social Distancing being strictly followed.  üôèüèº"
O,1389186708608929794,"Thank you for your explanation. Earlier was easy with panic in crowd, we just walked in completed registration process paid and got vaccinated. For 2nd dose due, same hospital said BBMP withdrew all stocks and they are waiting circular with further instructions."
N,1388734713544646658,Looking for an #ICUBed with Ventilator urgently in #BengaluruSOS   1. Patient Name : H n narasinga rao 2. Patient Age : 66 3. Area / Location : basaveshwara nagar 4. Symptoms : breathlessness oxygen very less 5. Since how many days : 4 days 6. SPO2 Level : 76
O,1389108534692835328,"@SushilModi My deepest condolences. But he died bcz of your SYSTEM and not Corona. When poor people are dying due to shortage of oxygen and hospitals bed you are saying its because of system so system will haunt you, your familie and people in power."
O,1389234400911454211,@beingsatyavadi @BbmpsplHealth @narendramodi @PMOIndia Thanks so much for your help and support. Finally got the bed in St John's Hospital
O,1389881285427044355,@PMOIndia Respected Sir Pls call India Corporates and ask them to manufacture oxygen concentrators asap and sell in the market. The cost of the O2 concentrator to be reasonable. So that people or a group of people can buy to save lives.
O,1389556755374518275,@Arnava30 Dude don‚Äôt forget 37% of Keralites depends higher studies for Karnataka.  Secondly 60% of kasargod border people depends on hospital in mangalore.  Finally Kerala Chief ministers daughter IT company 100% depends on Bangalore.
N,1389128431741247488,Required: ICU bed with oxygen support.
G,1389614979242860548,29) *SAGAR HOSPITAL (JAYNAGAR) - KSHMA PATIL (9900551992)*  30) *APOLLO HOSPITAL (JAYNAGAR) - SATYA NARAYANA (99448679233)*  31) *ST. JOHNS HOSPITAL - ANUPAMA (9964056696)*  32) *B.G.S. GLOBAL - LAKSHMIKANT (9901357318)*
O,1389810668166029314,@Tejasvi_Surya sir ambulances and some hospitals are looting money it would be great help if you can help in controlling these issues!
O,1389171676902871040,Inefficiency Of This Government To Provide Oxygen Has Resulted in Death Of Innocent Patients Affected By Covid.  The Complete Blame Goes On You Mr. @BSYBJP and Mr. @mla_sudhakar .  Resign If You Have Some Humanity Left!  #ResignSudhakar  https://t.co/P2LUZ1vxxV
N,1388658020998029313,Need oxygen in Kolkata.üëá Please provide any leads. #SOSKolkata #Oxygen #SOSIYC
O,1388574883689369601,@dheeshar45 @LtGovDelhi @PMOIndia @narendramodi @narendramodi_in @KailashHealth @fortis_hospital @TajinderBagga I know bhai same boat!!!
O,1389065087869091847,Oxygen shortage: 12 Covid patients die in Chamarajanagar district hospital in Karnataka  https://t.co/JdgPJfrXKH via @bangaloremirror
O,1389033907144716293,"@anubhavsinha we the people are responsible to take out our country from the crisis. But we are the real vulture and we are eating ourselves. We are stocking oxygen,medicines, we are charging 10 time more on ambulance... Manavta mar gayi hai lobh k chakkar me.."
O,1389603749362946054,@anandmahindra That is the reason I'm requesting with you to have small oxygen plant in every district to reduce cost as well to save lives.
O,1389202569751191552,"The people who are getting covid are dying due to the lack of oxygen, those who are not infected by covid are dying because of financial troubles. @PMOIndia @nsitharaman @BJP4India @RBI @indSupremeCourt please #helpmiddleclass #weneedmoratorium #moratorium3.0"
O,1388323434069782530,@BSYBJP BSY it's joke of the day ask any of the DHO how many times he has visited the hospital in his area and you are talking about isolation medicine oxygen which is not in their priority list at all their priority is totally different you should have discussed about it.
O,1389194103246622722,"Recently,d K'taka Gov procured 3 addnl plots on d outskirts of Bengaluru 2 b convertd into Open makeshift crematoriums. If this vision less Gov had invested in more Hosp infra &amp; Oxygen plants, they wldnt hve 2 invest in cremation grounds... Each life is precious! #ResignSudhakar  https://t.co/YU1TYZC6kC"
N,1389588761428717568,"Basaveshwara College and Hospital, Khb colony, Chitradurga - ran out of Remdesivir. A friend‚Äôs dad needs the last dose urgently who is in an ICU there. Any help anyone??? Reach out to me if help found."
O,1389496925561384969,So one guy promises home delivery all over India for oxygen cylinder. I ask in Delhi to deliver but won‚Äôt come without advance being paid. Wont give option to come pick up. Smells like scam. Frauds doing such stuff during calamity.
O,1389492423592529926,@DrKaloo @sanjeev101170 Good information on oxygen Dr
O,1389498490493960197,Things to consider while buying an oxygen concentrator
O,1388883851632467973,@shubham_js_ @surajj221401 @idnani_nandini @narendramodi Coming to live CM conference when he did Rama that Modi ji Mujhe oxygen de do. When he was given oxygen plant money in November 2020 all he did was to make one plant Uttarakhand and Himachal made 4 and 5 each
O,1389884582296657920,"#JUSTIN - Indian Naval Ship Talwar, the first ship of Op Samudra Setu II entering the port of New Mangalore in Karnataka with 54  tons liquid oxygen  from Bahrain embarked.  @AsianetNewsML @indiannavy  https://t.co/6ph68FS4Qq"
O,1389241293168017410,"@SakshiRaghuwa14 @SushmaSwaraj @governorswaraj @BansuriSwaraj @narendramodi If Sushmaji were to handle Covid pandemic, she would have strengthened family physicians net work, attached families around to this Primary Care Center‚Äôs as UK, attached These PCC to local hospitals &amp;given Ayushman Bharat Insurence to every resident Indian"
G,1388709707422965761,"Available - #Remdesivir in #Vizag for MRP price   Somanath Medicals, Maharanipeta, Vizag.   Please Carry Original Prescription with doctor stamp/letter head Copy of Positive Report, Patient Aadhar card, Attendent Aadhar card Hospital inpatient ID  Verified at 9:40 AM, today."
O,1388351481728753672,@abhinxx I bought 2 oxygen cylinders from peenya gas 1 leaked the second is also leaking .The guage has become defective.Need refilling &amp; new guage pvkraman
N,1389234992836878339,"@104_GoTN  **Details Needed** 1. Name: kannan V 2. Age/Gender:60 3. Phone No: 9841987841 4. Area/District: urapakkam, Chengalpet 5. RT-PCR (Positive/Negative): positive 6. 7. Current requirement : oxygen  8. SpO‚ÇÇ reading: 86 9. Chest CT Score: 0 10. Other remarks: #BedsForTN"
O,1389618582665891843,",You can put your head in sand like ostrich, we won't': HC slams Centre over oxygen shortage  https://t.co/JYE2cK9YF0 via @timesofindia"
O,1389928584488181764,@WoodSenju Excuse me where is all that ‚ÄúSeveral MTs‚Äù of oxygen 24 ppl died in same hospital due to lack of oxygen. Multiple hospitals require oxygen and government is not doing anything! Individual volunteers are trying to procure and help. None of the BJP ministers are receiving calls.
O,1389036644901134337,@BannaGupta76 Worst health minister of the country. Neither oxygen cylinders available in state nor icu beds are there. Mismanagement by state govt.
O,1389636667783274499,"Non Supplying Of Oxygen To Hospitals Is Criminal Act, Not Less Than Genocide By Authorities : Allahabad High Court  https://t.co/mOXEmunpo0"